region_id,country_id
272,1
273,1
274,1
275,1
276,1
277,1
278,1
279,1
280,1
281,1
282,1
283,1
284,1
285,1
286,1
287,1
288,1
289,1
290,1
291,1
292,1
293,1
294,1
295,1
296,1
297,1
298,1
299,1
300,1
301,1
302,1
303,1
99878,1
99879,1
900483,1
900484,1
900485,1
900486,1
900487,1
900488,1
900489,1
900490,1
900491,1
900492,1
900493,1
900494,1
900495,1
900496,1
900497,1
900498,1
900499,1
900500,1
900501,1
900502,1
900503,1
900504,1
900505,1
900506,1
900507,1
900508,1
900509,1
900510,1
900511,1
900512,1
900513,1
900514,1
900515,1
900516,1
304,2
305,3
306,3
307,3
308,3
309,3
310,3
311,3
312,3
313,3
314,3
315,3
316,3
317,3
318,3
319,3
320,3
321,3
322,3
323,3
324,3
325,3
326,3
327,3
328,3
329,3
330,3
331,3
332,3
333,3
334,3
335,3
336,3
337,3
338,3
339,3
340,3
341,4
342,4
343,4
344,4
345,4
346,4
347,4
348,4
349,4
350,4
351,4
352,4
353,4
354,4
355,4
356,4
357,4
358,4
359,4
360,4
361,4
362,4
363,4
364,4
365,4
366,4
367,4
368,4
369,4
370,4
371,4
372,4
373,4
374,4
375,4
376,4
377,4
378,4
379,4
380,4
381,4
382,4
383,4
384,4
385,4
386,4
387,4
388,4
389,5
391,7
392,7
393,7
394,7
395,7
396,7
397,7
398,8
399,8
400,8
401,8
402,8
403,8
404,8
405,8
406,8
407,8
408,8
409,8
410,8
411,8
412,8
413,8
414,8
415,8
416,9
417,9
418,9
419,9
420,9
421,9
422,9
424,9
425,9
40206,11
40208,11
40209,11
40210,11
40211,11
40212,11
40213,11
429,12
430,12
431,12
432,12
433,12
901063,72
901064,72
901065,72
901066,72
901067,72
901068,72
901069,72
901070,72
901071,72
901072,72
901073,72
901074,72
901075,72
901076,72
901077,72
901078,72
901079,72
901080,72
901081,72
901082,72
901083,72
901084,72
901085,72
901086,72
901087,72
901088,72
901089,72
901090,72
1135,73
1136,73
1137,73
1138,73
1139,73
1140,73
1141,73
1142,73
1143,73
1144,73
1145,73
1146,73
1147,73
1148,73
1149,73
1150,73
1151,73
1152,73
1153,73
1154,73
1155,73
1156,73
1157,73
22007,73
22008,73
2746,74
2747,74
2748,74
2750,74
2751,74
2754,74
2765,74
2766,74
2768,74
37021,74
1184,75
1185,75
1186,75
1187,75
1188,75
1189,75
1190,75
1191,75
1192,75
1193,75
1194,75
1195,75
1196,75
1197,75
900381,75
900382,75
900383,75
900384,75
900385,75
900386,75
900387,75
900388,75
900389,75
900390,75
900391,75
900392,75
900393,75
900394,75
900395,75
1198,76
1199,76
1200,76
1201,76
1202,76
1203,76
1204,76
1205,77
1206,77
1207,77
1208,77
1209,77
1210,77
1211,77
1212,78
1213,78
1214,78
1215,78
1216,78
1217,78
1218,78
1219,78
1220,78
1221,78
1222,78
1223,78
1224,78
1225,78
1226,78
149727,78
1227,79
1228,79
1229,79
1230,79
1231,79
1232,79
1233,79
1236,79
1237,79
47678,79
47679,79
900532,79
900533,79
900534,79
900535,79
900536,79
900537,79
900538,79
900539,79
900540,79
900541,79
900542,79
1239,81
1240,82
40187,83
40188,83
40189,83
40190,83
1242,84
1243,84
1244,84
1245,84
1246,84
1247,84
1248,85
1249,85
1250,85
1251,85
1252,85
1253,85
1254,85
1255,85
1256,85
1257,85
1258,85
1259,85
1260,85
1262,85
1263,85
1264,85
1265,85
1266,85
1267,85
1268,85
1269,85
1270,85
1271,86
1272,86
1273,87
1275,89
1276,89
1277,89
1278,89
1279,89
1280,89
1281,89
1282,89
1283,89
1285,90
1287,90
1288,90
1289,90
1290,90
112869,90
1296,92
1297,92
1298,92
1299,92
1300,92
1301,92
1302,92
1303,92
1304,92
1305,92
1306,92
1307,92
1308,93
1309,93
1310,93
1311,93
1312,93
1313,93
1314,93
1315,93
1316,93
1317,93
1318,93
1319,93
1320,93
1321,93
1322,93
1323,93
1324,94
1325,94
1326,94
1327,94
1328,94
1329,94
1330,94
1331,94
1332,94
1333,94
900854,94
900855,94
900856,94
900857,94
900858,94
900859,94
900860,94
900861,94
900862,94
900863,94
1334,95
1336,97
1337,97
1338,97
1339,97
1340,97
1341,97
1342,97
1343,97
1345,97
1346,97
1347,97
1348,97
40766,97
1349,98
1350,98
1351,98
1352,99
1353,99
1354,99
1355,99
1356,99
1357,99
1358,100
1359,101
900004,102
64821,103
64822,103
64823,103
64824,103
64825,103
64826,103
64827,103
64828,103
64829,103
64830,103
64831,103
64832,103
64833,103
64834,103
64835,103
64836,103
64837,103
64838,103
64839,103
64840,103
64841,103
64842,103
40222,104
40223,104
40224,104
40225,104
40226,104
40227,104
40228,104
40229,104
40230,104
40231,104
40232,104
40233,104
40234,104
1385,105
1386,105
1387,105
1388,105
1389,105
1390,105
1391,105
1392,105
1393,105
40700,106
40701,106
40702,106
40703,106
40704,106
40705,106
40706,106
40707,106
900027,106
900028,106
1398,107
1399,107
1400,107
1401,107
1402,107
1403,107
1404,107
1405,107
1406,107
1407,107
1409,108
1410,108
1411,108
1412,108
1413,108
1414,108
1415,108
1416,108
1417,108
72912,108
901001,108
901002,108
901003,108
901004,108
901005,108
901006,108
901007,108
901008,108
901009,108
901010,108
1419,110
1420,111
1421,111
1422,111
1423,111
1424,111
1425,111
1426,111
1427,111
1428,111
1429,111
1430,111
1431,111
1432,111
1433,111
1434,111
1435,111
1436,111
1437,111
1438,111
901014,111
901015,111
901016,111
901017,111
901018,111
901019,111
901020,111
901021,111
901022,111
901023,111
901024,111
901025,111
901026,111
901027,111
901028,111
901029,111
901030,111
901031,111
901032,111
901033,111
1440,113
1441,113
1442,113
1443,113
1444,113
1445,113
1446,113
1447,113
1448,113
1449,113
1450,113
1451,113
1452,113
1453,113
1454,113
1455,113
1456,113
1457,113
1458,113
1459,113
1460,114
1461,114
1462,114
1463,114
1464,114
1465,114
1466,114
1467,114
1468,114
1469,114
1471,114
1472,114
1473,114
1474,114
1475,114
1476,114
1477,114
1478,114
1479,114
1480,114
1481,114
1482,114
1483,114
1484,115
1485,115
1487,115
1488,115
1489,115
1490,115
1491,115
1492,115
1493,115
1494,115
1495,115
1496,115
1497,115
1498,115
1500,115
1501,115
1502,115
1503,115
1504,115
1505,115
1506,115
1507,115
1508,115
1509,115
1510,115
1511,115
70074,115
70075,115
70076,115
70077,115
70078,115
70080,115
70082,115
900482,115
900618,115
900619,115
1512,116
1513,116
1514,116
1515,116
1516,116
1518,116
1519,116
1520,116
1521,116
1522,116
1523,116
1524,116
1525,116
1526,116
1527,116
1528,116
1529,116
1530,116
1531,116
1532,116
1533,116
1534,116
1535,116
1536,116
1537,116
73609,116
73610,116
73611,116
73612,116
73614,116
73616,116
73617,116
73619,116
1539,117
1540,117
1541,117
1542,117
1543,117
1544,117
1545,117
1546,117
1547,117
1548,117
1549,117
1550,117
1551,117
1552,117
1553,117
1554,117
1555,117
1556,117
1557,117
1558,117
1559,117
1560,117
1561,117
1562,117
1563,117
33110,117
33111,117
33112,117
33113,117
900029,117
900030,117
900031,117
900032,117
900033,117
900034,117
900035,117
900036,117
900037,117
900038,117
900039,117
900040,117
900041,117
900042,117
900043,117
900044,117
900045,117
900046,117
900047,117
900048,117
900049,117
900050,117
900051,117
900052,117
900053,117
900054,117
900055,117
900056,117
900057,117
900058,117
900059,117
900060,117
900061,117
1564,118
1565,118
1566,118
1567,118
1568,118
1569,118
1570,118
1571,118
1572,118
1573,118
1574,118
1575,118
1576,118
1577,118
1578,118
1579,118
1580,118
1581,118
1582,119
1583,119
1584,119
1585,119
1586,119
1587,119
1588,119
1589,119
1590,119
1591,119
1592,119
1593,119
1594,119
1595,119
1596,119
1597,119
1598,119
1599,119
1601,119
1602,119
1603,119
1604,119
1605,119
1606,119
1607,119
1608,119
61305,120
61306,120
61307,120
61308,120
61309,120
61310,120
61311,120
61312,120
61313,120
61314,120
61315,120
61316,120
61317,120
61318,120
61319,120
61320,120
61321,120
61322,120
61323,120
61324,120
61325,120
61326,120
61327,120
61328,120
1610,121
1611,121
1612,121
1613,121
1614,121
1615,121
1616,122
1617,122
1618,122
1619,122
1620,122
1621,122
1622,122
1623,122
1624,122
1625,122
1626,122
1627,122
1628,122
1629,122
1630,122
1631,122
1632,122
1633,122
1634,122
1635,122
1636,123
1637,123
1638,123
1639,123
1640,123
1641,123
1642,123
1643,123
1644,123
1645,123
1646,123
1647,123
1648,123
1651,126
1652,126
1653,126
1654,126
1655,126
1656,126
1657,126
1658,126
1659,126
1660,126
1661,126
1662,126
1663,126
1664,126
1665,126
1666,126
1667,126
1668,126
1669,126
1670,126
1671,126
1672,126
1673,126
1674,126
1675,126
1676,126
1677,126
1678,126
1679,126
1680,126
1681,126
1682,126
1683,126
1684,126
1685,126
1686,126
1687,126
1688,126
1689,126
1690,126
1691,126
1692,126
1693,126
1694,126
1695,126
1696,126
1697,126
40235,128
40236,128
40237,128
40238,128
40239,128
40240,128
40241,128
40242,128
40243,128
40244,128
40245,128
40274,128
1701,130
1702,130
1703,130
1704,130
1705,130
1706,130
1707,130
1708,130
1709,130
1710,130
1711,130
1712,130
900748,130
900749,130
900750,130
900751,130
900752,130
900753,130
900754,130
900755,130
900756,130
900757,130
900758,130
900759,130
900760,130
1714,132
1715,132
1716,132
1717,132
1718,132
1719,132
1720,132
1721,132
1723,132
1724,132
1725,132
1726,132
1727,132
1728,132
1729,132
37157,132
51325,133
51326,133
51327,133
51328,133
51329,133
51330,133
51331,133
51332,133
1739,135
1740,136
1741,137
1742,137
1743,137
1744,137
1745,137
1746,138
1747,138
1748,138
1749,138
1750,138
1751,138
1752,138
900006,138
901034,138
901035,138
901036,138
901037,138
901038,138
901039,138
901040,138
901041,138
901042,138
1753,139
1754,139
1755,139
1756,139
1757,139
1758,139
1759,139
1760,139
1761,139
1762,139
1763,139
1764,139
1765,139
1766,139
1767,139
1768,139
1770,139
900620,139
900621,139
900622,139
900623,139
900624,139
900625,139
900626,139
900627,139
900628,139
900629,139
900630,139
900631,139
900632,139
900633,139
900634,139
900635,139
900636,139
900637,139
1771,140
1772,140
1773,140
1774,140
1775,140
1776,140
1777,140
1778,140
1779,140
1780,140
1781,140
1782,140
1783,140
1784,140
1785,140
1786,140
1787,140
1788,140
1789,140
1790,140
1791,140
1792,140
1793,140
1794,140
1795,140
1796,140
1797,141
1798,141
1799,141
1800,141
1801,141
1802,141
900940,141
900941,141
900942,141
900943,141
900944,141
900945,141
900946,141
900947,141
1803,142
1804,142
1805,142
1806,142
1807,142
1808,142
1809,142
1810,142
1811,142
1812,142
900903,142
900904,142
900905,142
900906,142
900907,142
900908,142
900909,142
900910,142
900911,142
900912,142
1814,144
1815,144
1816,144
1817,144
1818,144
1819,144
1820,144
1821,144
1822,144
1823,144
1824,144
1825,144
1826,144
1827,144
1828,144
900818,144
900819,144
900820,144
900821,144
900822,144
900823,144
900824,144
900825,144
900826,144
900827,144
900828,144
900829,144
900830,144
900831,144
900832,144
1829,145
1830,145
1831,145
1832,145
1833,145
1834,145
1835,145
1836,145
1837,145
1838,145
1839,145
1840,145
1841,145
1842,145
1843,145
1844,145
1845,145
1846,145
1847,145
1848,145
1849,145
1850,145
1851,145
1852,145
1853,145
900169,145
900170,145
900171,145
1854,146
1855,146
1856,146
1857,146
1859,146
1860,146
1861,146
1862,146
1863,146
1864,146
1865,146
1866,147
1867,147
1868,147
1869,147
1870,147
1871,147
1872,147
1873,147
1874,147
1875,147
1876,148
1877,148
1878,148
1879,149
1881,150
899979,150
899980,150
899981,150
899982,150
899983,150
899984,150
899985,150
899986,150
899987,150
899988,150
899989,150
899990,150
899991,150
899992,150
434,12
435,12
436,12
437,12
438,12
439,12
440,12
441,12
442,12
443,12
444,12
445,12
446,12
447,12
448,12
449,12
450,12
451,12
452,12
453,13
454,13
455,13
456,13
457,13
458,13
460,13
461,13
462,13
463,13
464,13
900833,13
900834,13
900835,13
900836,13
900837,13
900838,13
900839,13
900840,13
900841,13
900842,13
900843,13
465,14
70036,15
70037,15
900005,15
467,16
468,17
470,17
471,17
472,17
473,17
474,17
475,17
476,17
477,17
478,18
479,18
480,18
481,18
482,18
483,18
484,18
485,18
486,18
493,19
516,19
528,19
534,19
536,19
541,19
558,19
147298,19
147299,19
147302,19
147306,19
561,20
562,21
563,21
564,21
565,21
566,21
567,21
568,21
569,21
570,21
571,21
572,21
573,21
575,23
576,23
577,23
578,23
579,23
580,23
61363,23
900396,23
900397,23
900398,23
900399,23
900400,23
900401,23
900402,23
900403,23
900404,23
581,24
582,24
583,24
584,24
585,24
586,24
587,24
588,24
589,24
590,24
591,24
593,26
594,26
595,26
596,26
597,26
598,26
599,26
600,27
601,27
602,27
603,28
604,28
605,28
606,28
607,28
608,28
609,29
610,29
611,29
612,29
613,29
614,29
615,29
616,29
617,29
618,29
619,29
620,29
621,30
622,31
623,31
624,31
625,31
626,31
627,31
628,31
629,31
630,31
631,31
632,31
633,31
634,31
635,31
636,31
637,31
638,31
639,31
640,31
641,31
648,33
40443,33
40444,33
40445,33
40446,33
40447,33
40448,33
40449,33
40450,33
901145,33
901146,33
901147,33
901148,33
901149,33
901150,33
901151,33
901152,33
901153,33
901154,33
901155,33
652,34
653,34
654,35
655,35
656,35
657,35
658,35
659,35
660,35
661,35
662,35
663,35
665,37
666,37
667,37
668,37
899993,150
899994,150
899995,150
899996,150
899997,150
899998,150
899999,150
1886,151
1887,151
1888,152
1889,152
1890,152
65268,152
1891,153
1892,153
1893,153
1894,153
1895,153
1896,153
1897,153
1898,153
1899,153
1900,153
1901,153
1902,153
1903,153
1904,153
37336,153
1905,154
1906,154
1907,154
1908,154
1909,154
1910,154
1911,154
1913,154
1914,154
1915,154
1916,154
1917,154
1918,154
1919,154
1920,154
1921,154
1922,154
1923,154
1924,154
1925,154
1926,155
1927,155
1928,155
1929,155
1930,155
1931,155
1932,155
1933,155
1934,155
1935,156
1936,156
1937,156
1938,156
1939,156
1940,156
1941,156
1942,156
1943,156
1944,156
1945,156
1946,156
1947,156
1948,156
1949,156
1950,156
1951,156
1952,156
1953,156
1954,156
1955,156
1956,156
1957,156
1958,156
1959,156
1960,156
1961,156
1962,156
1963,156
1964,156
1965,156
1966,156
1967,156
1968,156
1969,156
1970,156
1971,156
1972,156
1973,156
1974,156
1975,156
1976,156
1977,156
1978,156
1979,156
1980,156
1981,156
1982,156
1983,156
1984,156
1985,156
1986,156
1987,156
1988,156
1989,156
1990,156
1992,156
1993,156
1994,156
1995,156
1996,156
1997,156
1998,156
1999,156
2000,156
2001,156
2002,157
61297,158
61298,158
61299,158
61300,158
2004,159
2005,159
2006,159
2007,159
2008,159
2009,159
2010,159
2011,159
2012,159
2013,159
2014,159
2015,159
2016,159
2017,160
2018,160
2019,160
2020,160
2021,160
2022,160
2023,160
2024,160
2025,160
2026,160
2027,161
2028,162
2029,162
2030,162
2031,162
2032,162
2033,162
2034,162
2035,162
2036,162
2037,162
2038,162
2039,162
2040,162
2041,162
2042,162
2043,162
2044,162
2045,162
2046,162
2047,162
2048,162
2049,162
2050,162
2051,162
2052,162
2053,162
2054,162
2055,162
2056,162
2057,162
2058,162
2059,162
2060,163
2062,165
2063,165
2064,165
2066,165
2067,165
2068,165
2069,165
2070,165
2071,165
2072,165
2073,165
2074,166
2075,167
2076,167
2077,167
2078,167
2079,167
2081,167
2082,167
2083,167
2084,167
2085,167
2086,167
2087,167
2088,167
2089,167
2090,167
2091,167
2092,167
2093,167
2094,167
2095,167
2096,167
2097,167
2099,168
2101,168
2102,168
2103,168
2107,169
2109,169
2111,169
147326,169
147327,169
147328,169
147329,169
147330,169
147331,169
147332,169
147334,169
147335,169
147336,169
147337,169
147338,169
2112,170
2113,170
2114,170
2115,170
2116,170
2118,170
2119,170
2120,170
2121,170
2122,170
65246,170
900948,170
900949,170
900950,170
900951,170
900952,170
900953,170
900954,170
900955,170
900956,170
900957,170
900958,170
2123,171
2125,171
2126,171
2127,171
2128,171
2129,171
2130,171
2131,171
2132,171
2133,171
2135,171
2136,171
41772,171
41773,171
41774,171
41775,171
41776,171
2137,172
2138,172
2139,172
2140,172
2141,172
2142,172
2143,172
2144,172
2145,172
2146,172
2147,172
2148,172
2149,172
900789,172
900790,172
900791,172
900792,172
900793,172
900794,172
900795,172
900796,172
900797,172
900798,172
900799,172
900800,172
900801,172
900802,172
2150,173
2152,175
2153,175
2154,175
2155,175
2156,175
900611,175
900612,175
900613,175
900614,175
900615,175
900616,175
900617,175
2157,176
2158,177
2159,177
2160,177
2161,177
2162,177
2163,177
2164,177
2165,177
2166,177
2167,177
2168,177
2169,177
2170,178
2171,179
2172,179
2173,179
2174,179
2175,179
2176,179
2177,179
2178,179
2179,179
2180,179
2181,179
2182,179
2183,179
2184,179
2185,180
2186,180
2187,180
2188,180
2189,180
2190,180
2191,180
2192,180
2193,180
2194,180
2195,180
2196,180
2197,180
2198,180
2199,180
2200,180
2201,180
900306,180
900307,180
900308,180
900309,180
900310,180
900311,180
900312,180
900313,180
900314,180
900315,180
900316,180
900317,180
900318,180
900319,180
900320,180
900321,180
900322,180
900323,180
900324,180
900325,180
2202,181
2203,181
2204,181
2205,181
2206,181
2207,181
2208,181
2209,181
2211,182
2212,182
2213,182
2215,182
2216,182
2217,182
2218,182
2219,182
2221,182
2222,182
2223,182
2224,182
2225,182
2226,182
2227,182
2228,182
2229,182
2230,182
2231,182
2232,182
2234,182
2235,182
2239,182
2240,182
65698,182
65699,182
65700,182
65701,182
65702,182
65703,182
65704,182
65705,182
65706,182
65707,182
65708,182
65709,182
65710,182
2241,183
2242,184
2243,185
2244,186
2245,186
2246,186
2247,186
2248,186
2249,186
2250,186
2251,186
2252,186
2253,186
2254,186
2255,186
2256,186
2257,186
2258,186
2259,186
2260,186
2261,186
2262,186
2263,187
2264,187
2265,187
2266,187
2267,187
2268,187
2269,187
2270,187
2271,187
2272,188
2273,188
2274,188
2275,188
2276,188
2277,188
900437,188
900438,188
900439,188
900440,188
900441,188
900442,188
2278,189
2280,191
2281,191
2282,191
2283,191
2284,191
2285,191
2286,191
2287,191
2288,191
2289,191
93671,191
93672,191
2290,192
2291,192
2292,192
2293,192
2294,192
2295,192
2296,192
2297,192
2298,192
2299,192
2300,192
2301,192
2302,192
2303,192
2304,192
2305,192
2306,192
2307,192
2308,192
2309,192
73915,193
2311,194
2312,194
2313,194
2314,194
2315,194
2316,194
2317,194
2318,194
2319,194
2320,194
2321,194
2322,194
2323,194
2324,194
2325,194
2326,194
2327,194
900593,194
900594,194
900595,194
900596,194
900597,194
900598,194
900599,194
900600,194
900601,194
900602,194
900603,194
900604,194
900605,194
900606,194
900607,194
900608,194
900609,194
900610,194
2328,195
2329,195
2330,195
2331,195
2332,195
2333,195
2334,195
2335,195
2336,195
2337,195
2338,195
2339,195
2340,195
2341,195
2342,195
2343,195
2344,195
2345,195
2346,195
2347,195
2348,195
2349,195
2350,195
2351,195
2352,195
900326,195
900327,195
900328,195
900329,195
900330,195
900331,195
900332,195
900333,195
900334,195
900335,195
900336,195
900337,195
900338,195
900339,195
900340,195
900341,195
900342,195
900343,195
900344,195
900345,195
900346,195
900347,195
900348,195
900349,195
900350,195
900351,195
2354,196
2355,196
2356,196
2357,196
2361,196
2362,196
2363,196
2364,196
2368,196
67156,196
67159,196
67160,196
67161,196
67162,196
67165,196
67166,196
67167,196
2369,197
2370,198
2371,198
2372,198
2373,198
2374,198
2375,198
2376,198
2377,198
2378,198
2379,198
2380,198
2381,198
2382,198
2383,198
2384,198
2385,198
2386,199
2387,199
2388,199
2389,199
2390,199
2391,199
2392,199
2393,199
2394,199
2405,199
2406,199
2407,199
2408,199
2409,199
2410,199
2411,199
2412,199
2413,199
900693,199
900694,199
900695,199
900696,199
900697,199
900698,199
900699,199
900700,199
900701,199
900746,199
900747,199
2414,200
2415,200
2416,200
2417,200
2418,200
2419,200
2420,200
2421,200
2422,201
2423,201
2424,201
2425,201
2426,201
2427,201
2428,201
2429,201
2430,201
2431,202
2432,202
2433,202
2434,202
2435,202
2436,202
2437,202
2438,202
2439,202
2440,202
2441,202
2442,202
2443,202
2444,202
2445,202
2446,203
2447,203
2448,203
2449,203
2450,203
2451,203
2452,203
2453,203
2454,203
2455,203
2456,203
2457,203
2458,203
2459,203
2460,203
2461,203
2462,203
2463,203
2464,203
2465,203
2466,203
2467,203
2468,203
2469,203
2470,203
2471,203
2472,203
2473,203
2474,203
2475,203
2476,203
2477,203
2478,203
2479,203
2480,203
2481,203
2482,203
2483,203
2484,203
2485,203
2486,203
2487,204
2488,204
2489,204
2490,204
2491,204
2492,204
2493,204
2494,204
2495,204
2496,204
2497,204
2498,204
2499,204
2500,204
2501,204
2502,204
2503,204
2504,204
2505,204
2506,204
2507,204
2508,204
2509,204
2510,204
2511,204
2512,204
2513,204
2514,204
2515,204
2516,204
2517,204
2518,204
2519,204
2520,204
2521,204
2522,204
2523,204
2524,204
2525,204
2526,204
2527,204
2528,204
2529,204
2530,204
2531,204
2532,204
2533,204
2534,204
2535,204
2536,204
2537,204
2538,204
2539,204
2540,204
2541,204
2542,204
2543,204
2544,204
2545,204
2546,204
2547,204
2548,204
2549,204
2550,204
2551,204
2552,204
2553,204
2554,204
2555,204
2556,204
2557,204
2558,204
2559,204
2560,204
2561,204
2562,204
2563,204
2564,204
2565,204
2566,204
2567,204
2568,204
2569,204
2570,204
2571,204
2572,204
2573,204
2574,204
2575,204
2576,204
2577,204
2587,205
21969,205
21971,205
21972,205
21973,205
900110,205
900111,205
900112,205
900113,205
900114,205
2590,206
2591,206
68772,207
68773,207
68774,207
2593,208
2594,208
2595,208
2596,208
2597,208
2598,208
2599,208
2600,208
2601,208
2602,208
2603,208
2604,208
2605,208
2606,208
2607,209
2608,209
2609,209
2610,209
2611,209
2612,209
2613,209
2614,209
2615,209
39511,210
39512,210
61285,211
61286,211
61287,211
61288,211
61289,211
61290,211
2618,212
2619,213
2620,214
2621,214
2622,215
2623,215
2624,215
2625,215
2626,215
2627,215
2628,215
2629,215
2630,215
2631,215
2632,215
2633,215
2634,215
1374,217
1376,217
1378,217
2636,217
2639,217
2640,217
2643,217
2644,217
2645,217
47585,217
47586,217
47587,217
47588,217
47589,217
2646,218
61135,220
61136,220
61137,220
61138,220
61139,220
61140,220
61141,220
61142,220
61143,220
61144,220
61145,220
61146,220
61147,220
61148,220
61150,220
61153,220
61154,220
61155,220
61156,220
61157,220
61159,220
61160,220
61161,220
61163,220
61164,220
61165,220
61166,220
61167,220
61168,220
61169,220
61170,220
61174,220
61178,220
61179,220
61182,220
61183,220
61184,220
61186,220
61187,220
61188,220
61189,220
61190,220
61191,220
61192,220
61193,220
61194,220
61196,220
61199,220
61200,220
61202,220
61203,220
61204,220
61205,220
61206,220
61207,220
2654,221
2655,221
2656,221
2657,221
900443,221
900444,221
900445,221
900446,221
900447,221
2658,222
2659,222
2660,222
2661,222
2662,222
2663,222
2664,222
2665,222
2666,222
2667,223
2668,223
2669,223
2670,223
2671,223
2672,223
2673,223
2674,223
2675,224
2676,224
2677,224
2678,224
2679,224
2680,224
2681,224
2682,224
2683,224
2684,224
2685,224
2686,224
2687,225
901048,225
901049,225
901050,225
901051,225
901052,225
901053,225
901054,225
901055,225
901056,225
901057,225
2688,226
2689,226
2690,226
2691,226
2692,226
2693,226
2694,226
2695,226
2696,226
2697,226
2698,226
2699,226
2700,226
2701,226
2702,226
2703,226
2704,226
2705,226
2706,227
2707,227
2708,227
2709,227
2710,227
2711,227
2712,227
2714,227
77312,227
2716,229
2717,229
2718,229
2719,229
2720,229
2721,229
2722,229
2723,229
2724,229
2725,229
2726,229
2727,229
2728,229
2729,229
2730,229
2731,229
2732,229
2733,229
2734,229
2736,231
2737,231
2738,231
2739,231
2740,231
2741,231
2742,231
2743,231
2744,231
2771,233
2772,233
2773,233
2774,233
2775,233
2776,233
2777,233
2778,233
2779,233
2780,233
2781,234
2782,235
2783,235
2784,235
2785,235
900889,235
900890,235
900891,235
900892,235
2786,236
2787,236
2788,236
2789,236
2790,236
2791,236
2792,236
2793,236
2794,236
2795,236
2796,236
2797,236
2798,236
2799,236
2800,236
2801,236
2802,236
2803,236
2804,236
2805,236
2806,236
2807,237
2808,237
2809,237
2810,237
2811,237
2812,237
2813,237
2814,237
2815,237
2816,237
2817,237
2818,237
2819,237
2820,237
2821,237
2822,237
2823,237
2824,237
2825,237
2826,237
2827,237
2828,237
2829,237
2830,237
2831,237
2832,237
2833,238
2834,238
2835,238
2836,238
2837,238
2838,238
2839,238
2840,238
2841,238
2842,238
2843,238
2844,238
2845,238
2846,238
900218,238
900219,238
900220,238
900221,238
900222,238
900223,238
900224,238
900225,238
900226,238
900227,238
900228,238
900229,238
900230,238
900231,238
2847,239
2848,239
2849,239
2850,239
900725,239
900726,239
900727,239
900728,239
2851,240
2852,240
2853,240
2854,240
2855,240
2856,240
2857,240
2858,240
2859,240
2860,240
2861,240
2862,240
2863,240
2864,240
2865,240
2866,240
2867,240
2868,240
2869,240
2870,240
2871,240
2872,240
2873,240
2874,240
2875,240
2876,240
2877,240
2878,240
2879,240
2880,240
2881,240
2882,240
2883,240
2884,240
2885,240
2886,240
2887,240
2888,240
2889,240
2890,240
2891,240
2892,240
2893,240
2894,240
2895,240
2896,240
2897,240
2898,240
2899,240
2900,240
2901,240
2902,240
2903,240
2904,240
2905,240
2906,240
2907,240
2908,240
2909,240
2910,240
2911,240
2912,240
2913,240
2914,240
2915,240
2916,240
2917,240
2918,240
2919,240
2920,240
2921,240
2922,240
2923,240
2924,240
2925,240
2926,240
2927,241
2928,241
2929,241
2930,241
2931,241
2932,241
2933,241
2934,241
2935,241
2936,241
2937,241
2938,241
2939,241
2940,241
2941,241
2942,241
2943,241
2944,241
2945,241
2946,241
2947,241
2948,241
2949,241
2950,241
2951,241
2952,241
2953,241
2954,241
2955,241
2956,241
2957,242
2958,242
2959,242
2960,242
2961,242
2962,242
2963,242
2964,242
2965,242
2966,242
2967,242
2968,242
2969,242
2970,243
2971,243
2972,243
2973,243
2974,243
2975,244
2976,245
901043,245
901044,245
901045,245
901046,245
901047,245
2977,246
2978,246
2979,246
2980,246
2981,246
2982,246
2983,246
2984,246
2985,246
2986,246
2987,246
2988,246
2989,246
2990,246
2991,246
2993,248
2994,248
2995,248
2996,248
2997,248
2998,248
2999,248
3000,248
3001,248
3002,248
3003,248
3004,248
3005,248
3006,248
3007,248
3008,248
3009,248
3010,248
3011,248
3012,248
3013,248
3014,248
3015,248
3016,248
3017,249
3018,249
3019,249
3020,249
3021,249
3022,249
3023,249
3024,249
3025,249
3026,249
3027,249
3028,249
3029,249
3030,249
3031,249
3032,249
3033,249
3034,249
3035,249
3036,249
3037,249
3038,249
3039,249
3040,249
3041,249
3042,249
3043,249
3044,249
3045,249
3046,249
3047,249
3048,249
3049,249
3050,249
3051,249
3052,249
3053,249
3054,249
3055,249
3056,249
3057,249
3058,249
3059,249
3060,249
3061,249
3062,249
3063,249
3064,249
3065,249
3066,249
3067,249
3068,249
3069,249
3070,249
3071,249
3072,249
3073,249
3074,249
3075,249
3076,249
3077,249
3078,249
3079,249
3080,249
3081,249
3082,249
3083,249
3084,249
3085,249
3086,249
3087,249
3088,249
3089,249
3090,249
3091,249
3092,249
3093,249
3094,249
3095,249
3096,249
900071,249
900072,249
3097,250
3098,250
3099,250
3100,250
147322,250
147323,250
39497,251
39498,251
39499,251
39500,251
39501,251
39502,251
3103,252
743,253
744,253
745,253
747,253
749,253
750,253
752,253
753,253
756,253
757,253
759,253
762,253
764,253
766,253
767,253
768,253
774,253
775,253
777,253
778,253
779,253
780,253
781,253
782,253
784,253
787,253
788,253
789,253
790,253
852,253
1080,253
1082,253
1086,253
1235,253
1241,253
1344,253
1360,253
1361,253
1364,253
1365,253
1366,253
1368,253
1372,253
3104,253
3105,253
3107,253
3108,253
3109,253
3110,253
3111,253
3112,253
3114,253
3115,253
3117,253
3121,253
3123,253
3124,253
3125,253
3128,253
3131,253
3136,253
3140,253
3141,253
3142,253
3143,253
3145,253
42179,253
42180,253
42181,253
42182,253
42183,253
42184,253
42185,253
42186,253
42187,253
42188,253
42189,253
42191,253
42192,253
42193,253
42194,253
42195,253
42196,253
42197,253
42198,253
42199,253
42200,253
42201,253
47067,253
47068,253
47069,253
47070,253
47071,253
47072,253
47073,253
47074,253
47075,253
47076,253
47077,253
47078,253
47079,253
47080,253
47081,253
47082,253
47083,253
47084,253
47085,253
47086,253
47087,253
47088,253
47089,253
47090,253
3148,254
3149,254
3150,254
3151,254
3152,254
3153,254
3154,254
3155,254
3156,254
3157,254
3158,254
3159,254
3160,254
3161,254
3162,254
3163,254
3164,254
3165,254
3166,254
3167,254
3168,254
3169,254
3170,254
3171,254
3172,254
901189,254
901190,254
901191,254
901192,254
901193,254
901194,254
901195,254
901196,254
901197,254
901198,254
901199,254
901200,254
901201,254
901202,254
901203,254
901204,254
901205,254
901206,254
901207,254
901208,254
901209,254
901210,254
901211,254
901212,254
901213,254
901214,254
901215,254
901216,254
3173,255
3174,255
3176,255
3177,255
3179,255
3180,255
3181,255
3182,256
3183,256
3184,256
3186,256
48357,257
48358,257
48359,257
48360,257
48361,257
48362,257
48363,257
48364,257
48365,257
48366,257
48367,257
48368,257
48369,257
48370,257
48371,257
48372,257
48373,257
48374,257
48375,257
48376,257
48377,257
48378,257
48379,257
48380,257
48381,257
48382,257
115002,257
115005,257
115007,257
115010,257
901091,257
901092,257
901093,257
901094,257
901095,257
901096,257
901097,257
901098,257
901099,257
901100,257
901101,257
901102,257
901103,257
901104,257
901105,257
901106,257
901107,257
901108,257
901109,257
901110,257
901111,257
901112,257
901113,257
901114,257
901115,257
901116,257
901117,257
901118,257
901119,257
901120,257
901121,257
901122,257
901123,257
901124,257
901125,257
901126,257
39508,258
39509,258
39510,258
3214,259
3215,259
3216,259
3217,259
3218,259
3219,259
3220,259
3221,259
3222,259
3223,259
3224,259
3225,259
3226,259
3227,259
3228,259
3229,259
3230,259
3231,259
3232,259
3233,259
3234,259
3235,259
3236,259
3237,259
3238,259
3239,259
3240,259
3241,259
3242,259
3243,259
3244,259
3245,259
3246,259
3247,259
3248,259
3249,259
3250,259
3251,259
3252,259
3253,259
3254,259
3255,259
3256,259
3257,259
3258,259
3259,259
3260,259
3261,259
3262,259
3263,259
3264,259
3265,260
3266,260
3267,260
3268,260
3269,260
3270,260
3271,260
3272,260
3273,260
3274,260
3275,260
3276,260
3277,260
3278,260
3279,260
3280,260
3281,260
3282,260
3283,260
3284,261
3285,261
3286,261
3287,261
3288,261
3289,261
3291,261
3292,261
3293,261
3294,261
3295,261
39696,261
39697,261
39698,261
3296,262
3297,262
3298,262
3299,262
3300,262
3301,262
3302,263
3303,263
3304,263
3305,263
3306,263
3307,263
3308,263
3309,263
3310,263
3311,263
3313,263
3314,263
3315,263
3316,263
3317,263
3318,263
3319,263
3320,263
3321,263
3322,263
3323,263
3324,263
3325,263
67152,263
67153,263
900864,263
900865,263
900866,263
900867,263
900868,263
900869,263
900870,263
900871,263
900872,263
900873,263
900874,263
900875,263
900876,263
900877,263
900878,263
900879,263
900880,263
900881,263
900882,263
900883,263
900884,263
900885,263
900886,263
900887,263
900888,263
3326,264
3327,264
3328,264
3329,264
3330,264
3331,264
3332,264
3333,264
3334,264
3335,264
3336,264
3337,264
3338,264
3339,264
3340,264
3341,264
3342,264
3343,264
3344,264
3345,264
3346,264
3347,264
3348,264
3349,264
3350,264
3351,264
3352,264
3353,264
3354,264
3355,264
3356,264
3357,264
3358,264
3359,264
3360,264
3361,264
3362,264
3364,264
3366,264
3367,264
3368,264
3369,264
3370,264
3371,264
3372,264
3374,264
3375,264
3376,264
3377,264
3378,264
3379,264
3380,264
3381,264
3382,264
3383,264
3384,264
3386,264
3387,264
3388,264
3389,264
3390,264
73935,264
73936,264
73937,264
3392,266
3405,268
3406,268
3407,269
3408,269
3409,269
3410,269
3411,269
3412,269
3413,269
3414,269
3415,269
3416,269
3417,269
3418,269
3419,269
3420,269
3421,269
3422,269
3423,269
3424,269
3425,269
144969,269
144971,269
900100,269
900101,269
3426,270
3427,270
3428,270
3429,270
3430,270
3431,270
3432,270
3433,270
3434,270
900844,270
900845,270
900846,270
900847,270
900848,270
900849,270
900850,270
900851,270
900852,270
900853,270
3435,271
3436,271
3437,271
3438,271
3439,271
3440,271
3441,271
3442,271
3443,271
3444,271
900969,271
900970,271
900971,271
900972,271
900973,271
900974,271
900975,271
900976,271
900977,271
900978,271
900448,272
900449,272
900450,272
900451,272
900452,272
900453,272
900454,272
900455,272
900456,272
900457,272
900458,272
900459,272
900460,272
900461,272
900462,272
900463,272
900464,272
900465,272
900466,272
900467,272
900468,272
900469,272
900470,272
900471,272
900472,272
900473,272
900474,272
900475,272
900476,272
900477,272
900478,272
900479,272
900480,272
900481,272
901127,273
901128,273
901129,273
901130,273
901131,273
901132,273
901133,273
901134,273
901135,273
901136,273
901137,273
901138,273
901139,273
901140,273
901141,273
901142,273
901143,273
901144,273
900979,274
900980,274
900981,274
900982,274
900983,274
900984,274
900985,274
900986,274
900987,274
900988,274
900989,274
900990,274
900991,274
669,37
670,37
671,37
672,37
673,37
674,37
675,37
676,37
677,37
678,37
679,37
680,37
681,37
682,37
683,37
684,37
685,37
686,37
687,37
688,37
689,37
690,37
691,37
39503,39
39504,39
39505,39
39506,39
39507,39
698,40
699,40
700,40
701,40
702,41
703,41
704,41
705,41
706,41
707,41
708,41
709,41
710,41
711,41
712,41
713,41
714,41
715,41
716,41
717,41
718,41
719,41
720,41
721,41
722,41
723,41
724,41
725,41
726,41
727,41
728,41
729,41
40276,42
40277,42
40278,42
40279,42
40280,42
40281,42
40282,42
40283,42
40284,42
40285,42
40286,42
40287,42
40288,42
900712,42
900713,42
900714,42
900715,42
900716,42
900717,42
900718,42
900719,42
900720,42
900721,42
900722,42
900723,42
900724,42
40542,43
40543,43
40544,43
40545,43
40546,43
40547,43
40548,43
40549,43
40550,43
40551,43
40552,43
40553,43
40554,43
40555,43
40556,43
40557,43
40558,43
900102,43
900103,43
791,44
792,44
793,44
794,44
795,44
796,44
797,44
798,44
799,44
800,44
801,44
802,44
803,44
804,44
805,44
806,44
807,44
808,44
809,44
810,44
811,44
812,44
813,44
814,44
65289,44
65290,44
900411,44
900412,44
900413,44
900414,44
900415,44
900416,44
900417,44
900418,44
900419,44
900420,44
900421,44
900422,44
900423,44
900424,44
900425,44
900426,44
900427,44
900428,44
900429,44
900430,44
900431,44
900432,44
900433,44
900434,44
900435,44
900436,44
815,45
816,45
817,45
818,45
819,45
820,45
821,45
822,45
823,45
824,45
900959,45
900960,45
900961,45
900962,45
900963,45
900964,45
900965,45
900966,45
900967,45
900968,45
825,46
826,46
827,46
828,46
829,46
830,46
831,46
832,46
833,46
834,46
835,46
836,46
837,46
838,47
839,47
840,47
841,47
842,47
843,47
844,47
845,47
846,47
847,47
900992,274
900993,274
900994,274
900995,274
900996,274
900997,274
900998,274
900999,274
901000,274
900566,275
900567,275
900568,275
900569,275
900570,275
900571,275
900572,275
900573,275
900574,275
900575,275
900576,275
900577,275
900578,275
900579,275
900580,275
900581,275
900582,275
900583,276
900584,276
900585,276
900586,276
900587,277
900588,277
900589,277
900590,277
900591,277
900592,277
900729,278
900730,278
900731,278
900732,278
900733,278
900734,278
900735,278
900736,278
900737,278
900738,278
900739,278
900740,278
900741,278
900742,278
900007,999
900008,999
900009,999
900010,999
900011,999
900012,999
900013,999
900014,999
900015,999
900016,999
900017,999
900018,999
900019,999
900020,999
900021,999
900022,999
900023,999
900024,999
900065,1011
900066,1011
25350,2647
25351,2647
25352,2647
25353,2647
25354,2647
25355,2647
25356,2647
25357,2647
25358,2647
25359,2647
25360,2647
25361,2647
25362,2647
25363,2647
25364,2647
25365,2647
25366,2647
25367,2647
25368,2647
25369,2647
25370,2647
25371,2648
25372,2648
25373,2648
25374,2648
25375,2648
25376,2648
25377,2648
25378,2648
25379,2648
25380,2648
25381,2648
25382,2648
25383,2648
25384,2648
25385,2648
25386,2648
25387,2648
25388,2648
25389,2648
25390,2648
25391,2648
25392,2648
25393,2648
25394,2648
25395,2648
25396,2648
25397,2648
25398,2648
25399,2648
25400,2648
910,33364
40776,40760
40777,40762
900744,40763
900745,40763
2745,40764
2749,40764
2752,40764
2753,40764
2755,40764
2756,40764
2757,40764
2758,40764
2761,40764
2762,40764
2763,40764
2764,40764
2767,40764
2769,40764
2770,40764
40772,40764
899977,40764
899978,40764
900115,40764
900116,40764
900117,40764
900118,40764
900119,40764
900120,40764
900121,40764
900122,40764
900123,40764
900124,40764
900125,40764
900126,40764
900127,40764
900128,40764
900129,40764
900130,40764
900131,40764
900132,40764
1158,40765
1159,40765
1160,40765
1161,40765
1162,40765
1163,40765
1164,40765
1165,40765
1166,40765
1167,40765
1168,40765
1169,40765
1170,40765
1171,40765
1172,40765
1173,40765
1174,40765
1175,40765
1176,40765
1177,40765
1178,40765
1179,40765
1180,40765
1181,40765
1182,40765
1183,40765
61524,40765
900913,40765
900914,40765
900915,40765
900916,40765
900917,40765
900918,40765
900919,40765
900920,40765
900921,40765
900922,40765
900923,40765
900924,40765
900925,40765
900926,40765
900927,40765
900928,40765
900929,40765
900930,40765
900931,40765
900932,40765
900933,40765
900934,40765
900935,40765
900936,40765
900937,40765
900938,40765
900939,40765
40408,40781
40409,40781
40422,40781
40423,40781
40424,40781
40425,40781
40426,40781
40427,40781
40428,40781
40429,40781
40430,40781
40431,40781
900806,40781
900807,40781
900808,40781
900809,40781
900810,40781
900811,40781
900812,40781
900813,40781
900814,40781
900815,40781
900816,40781
900817,40781
61033,61013
0,70001
900893,70001
900894,70001
900895,70001
900896,70001
900897,70001
900898,70001
900899,70001
900900,70001
900901,70001
900902,70001
2395,74578
2397,74578
2398,74578
2399,74578
2400,74578
2401,74578
2402,74578
2403,74578
2404,74578
925,147296
900195,147297
900196,147297
900197,147297
900198,147297
900199,147297
900200,147297
900201,147297
900202,147297
900203,147297
900204,147297
900232,147299
900233,147299
900234,147299
900235,147299
900236,147299
900237,147299
900238,147299
900239,147299
900240,147299
900241,147299
900242,147299
900243,147299
900244,147299
900245,147299
900246,147299
900247,147299
848,47
849,47
850,47
851,47
68742,48
68743,48
68744,48
853,49
854,49
855,49
856,49
857,49
858,49
859,49
860,49
861,49
862,49
863,49
864,49
865,49
866,49
867,49
868,49
67154,49
870,50
873,50
875,50
876,50
881,50
12904,50
12905,50
12907,50
12908,50
12909,50
12910,50
12911,50
12912,50
12914,50
12915,50
12918,50
12919,50
12920,50
12921,50
12922,50
12923,50
12924,50
12925,50
12926,50
12927,50
12928,50
12930,50
12931,50
900172,50
900173,50
900174,50
900175,50
900176,50
900177,50
900178,50
900179,50
900180,50
900181,50
900182,50
900183,50
900184,50
900185,50
900186,50
900187,50
900188,50
900189,50
900190,50
900191,50
900192,50
900193,50
900194,50
883,51
884,51
885,51
886,51
887,51
888,51
889,51
890,51
891,51
892,51
893,51
895,51
896,51
91503,51
91504,51
897,52
898,53
899,53
900,53
901,53
902,53
903,53
904,53
905,53
906,53
907,53
908,53
909,53
911,53
912,53
913,53
914,53
915,53
916,53
917,53
918,53
919,53
920,53
921,53
922,53
923,53
924,53
926,53
927,53
928,53
929,53
930,53
931,54
933,56
934,57
935,57
936,57
937,57
938,57
939,57
941,57
942,57
943,57
944,57
945,57
946,57
947,57
948,57
949,57
950,57
951,57
952,57
953,57
954,57
955,57
956,57
957,57
958,57
959,57
960,57
961,57
962,57
963,57
964,57
965,57
966,57
901156,57
901157,57
901158,57
901159,57
901160,57
901161,57
901162,57
901163,57
901164,57
901165,57
901166,57
901167,57
901168,57
901169,57
901170,57
901171,57
901172,57
901173,57
901174,57
901175,57
901176,57
901177,57
901178,57
901179,57
901180,57
901181,57
901182,57
901183,57
901184,57
901185,57
901186,57
901187,57
901188,57
967,58
968,58
969,58
970,59
971,59
972,59
973,59
974,59
975,59
976,59
977,59
978,59
979,59
900002,59
900003,59
980,60
981,61
982,61
983,61
984,61
985,61
986,61
987,61
988,62
989,62
990,62
991,62
992,62
993,62
994,62
995,62
996,62
997,62
998,62
1000,62
1001,62
1002,62
1003,62
1004,62
1005,62
1006,62
1007,62
1008,62
900026,62
1009,63
1010,63
1011,63
1012,63
1013,63
1014,63
1015,63
1016,63
1017,63
1018,63
1019,63
1020,63
1021,63
1022,63
1023,63
1024,64
1025,64
1026,64
1027,64
1028,64
1029,64
1030,65
1031,65
1032,65
1033,65
1034,65
1035,65
1036,65
1037,65
1040,66
1041,66
1043,66
1044,66
1045,66
1048,66
1050,66
1051,66
1053,66
16838,66
16840,66
16845,66
40692,66
900025,66
1054,67
1055,67
1056,67
1058,67
1059,67
1060,67
1061,67
1062,67
1063,67
1064,67
1065,67
1066,68
1067,68
1068,68
1069,68
1070,68
1071,68
1072,68
1073,68
1074,68
1075,68
1076,68
900143,68
900144,68
900145,68
900146,68
900147,68
900148,68
900149,68
900150,68
900151,68
900152,68
900153,68
900154,68
900155,68
900156,68
900157,68
900158,68
900159,68
900160,68
900161,68
900162,68
900163,68
900164,68
900165,68
900166,68
900167,68
900168,68
901011,68
901012,68
901013,68
1077,69
1078,69
1079,69
1081,69
1083,69
1084,69
1085,69
1087,69
1088,69
1090,69
1091,69
1092,69
40856,69
40857,69
40858,69
1093,70
1094,70
1095,70
1096,70
1097,70
900405,70
900406,70
900407,70
900408,70
900409,70
900410,70
1098,71
1099,71
1100,71
1101,71
1102,71
1103,71
1104,71
1105,71
1106,71
1107,71
1108,72
1109,72
1110,72
1111,72
1112,72
1113,72
1114,72
1115,72
1116,72
1117,72
1118,72
1119,72
1120,72
1121,72
1122,72
1123,72
1124,72
1125,72
1126,72
1127,72
1128,72
1129,72
1130,72
1131,72
1132,72
1133,72
1134,72
36854,72
36855,72
36856,72
36857,72
36858,72
901058,72
901059,72
901060,72
901061,72
901062,72
